Agency/Sub-Agency,Class,Start Date
Department of Health and Human Services / Centers for Medicare and Medicaid Services,2017,
Department of State,2017,
Department of State,2017,
Department of State,2017,
Department of Agriculture / Natural Resources Conservation Services,2017,4/17/2017
Department of State,2017,
Department of Health and Human Services / Office of the Secretary of Health and Human Services,2017,
Department of Agriculture / Natural Resources Conservation Services,2017,4/3/2017
Department of Health and Human Services / Office of the Secretary of Health and Human Services,2017,
Department of Agriculture / Food Safety and Inspection Service,2017,5/14/2017
Department of State,2017,
Department of State,2017,
Department of Agriculture / Natural Resources Conservation Services,2017,7/9/2017
Department of Agriculture / Natural Resources Conservation Services,2017,
Department of Health and Human Services / Centers for Medicare and Medicaid Services,2017,
Department of State,2017,
Department of Agriculture / Natural Resources Conservation Services,2017,
Department of State,2017,
Department of State,2017,
Department of State,2017,
Department of State,2017,
Department of Health and Human Services / Centers for Medicare and Medicaid Services,2017,
Department of Agriculture / Natural Resources Conservation Services,2017,
Millennium Challenge Corporation,2017,
Department of Health and Human Services / Centers for Medicare and Medicaid Services,2017,
Department of Health and Human Services / Office of the Secretary of Health and Human Services,2017,
Department of Health and Human Services / Centers for Medicare and Medicaid Services,2017,
Department of Agriculture / Natural Resources Conservation Services,2017,5/14/2017
Department of Veterans Affairs / Deputy Assistant Secretary for Office of Resolution Management,2017,5/15/2017
Department of Health and Human Services / Office of the Secretary of Health and Human Services,2017,
Department of Health and Human Services / Centers for Medicare and Medicaid Services,2017,
Department of Agriculture / Natural Resources Conservation Services,2017,
Department of Health and Human Services / Centers for Medicare and Medicaid Services,2017,
Department of State,2017,
Department of Health and Human Services / Office of the Secretary of Health and Human Services,2017,
Department of Agriculture / Natural Resources Conservation Services,2017,
Department of Agriculture / Food Safety and Inspection Service,2017,4/30/2017
Department of Homeland Security / Federal Emergency Management Agency,2017,
Department of Veterans Affairs,2017,6/11/2017
Department of Agriculture / Natural Resources Conservation Services,2017,4/17/2017
Department of Agriculture / Natural Resources Conservation Services,2017,
Department of Health and Human Services / Office of the Secretary of Health and Human Services,2017,
